TitleVideo,Link,View,Date,Thumb
"GACHA ""TỰ TÌM"" ĐẾN TÔI - SOFM TRẢI NGHIỆM ZENLESS ZONE ZERO",https://www.youtube.com/watch?v=sB67Nlp2qW0,600 N lượt xem,1 tháng trước,https://i.ytimg.com/vi/sB67Nlp2qW0/hqdefault.jpg?sqp=-oaymwEcCNACELwBSFXyq4qpAw4IARUAAIhCGAFwAcABBg==&rs=AOn4CLDDbHcyfcJvLcu3e8wM4UnLYP_Ciw
VIDEO NÀY SOFM END GAME TRONG 15 PHÚT VỚI BÀI TỦ SYLAS,https://www.youtube.com/watch?v=Nw8GZIEHp6s,89 N lượt xem,1 tháng trước,https://i.ytimg.com/vi/Nw8GZIEHp6s/hqdefault.jpg?sqp=-oaymwEcCNACELwBSFXyq4qpAw4IARUAAIhCGAFwAcABBg==&rs=AOn4CLC81sTNoS9Sq0AWOhpBiQcGkH6T7A
Muốn chơi game đỉnh như SofM thì nên có cái này!,https://www.youtube.com/watch?v=ZhajpqqkB5Y,43 N lượt xem,1 tháng trước,https://i.ytimg.com/vi/ZhajpqqkB5Y/hqdefault.jpg?sqp=-oaymwEcCNACELwBSFXyq4qpAw4IARUAAIhCGAFwAcABBg==&rs=AOn4CLCAzFIxDhYNRex1SkbzzosamomTuQ
KHUẤY ĐẢO ĐƯỜNG TRÊN CÙNG CON BÀI ZAC - CÁCH ĐI ĐƯỜNG VS PHÁP SƯ TAY DÀI,https://www.youtube.com/watch?v=e_ck5pnlOYg,61 N lượt xem,1 tháng trước,https://i.ytimg.com/vi/e_ck5pnlOYg/hqdefault.jpg?sqp=-oaymwEcCNACELwBSFXyq4qpAw4IARUAAIhCGAFwAcABBg==&rs=AOn4CLDGsUC9eTZ1wpIBOFuy0P35x68ToQ
(TẮT CAM TRY HARD) TRỞ LẠI KHU RỪNG VỚI CON BÀI TỦ LEESIN.,https://www.youtube.com/watch?v=yFSONXdU0eg,180 N lượt xem,1 tháng trước,https://i.ytimg.com/vi/yFSONXdU0eg/hqdefault.jpg?sqp=-oaymwEcCNACELwBSFXyq4qpAw4IARUAAIhCGAFwAcABBg==&rs=AOn4CLDDAI4wX6PT7Wsqvm5Lmi8zAcFM-w
SOFM VÀ CON BÀI HWEI PHÁ ĐẢO ĐẤU TRƯỜNG | SPAM CHIÊU ĐẾN CHẾTTT,https://www.youtube.com/watch?v=m5pKIIWeQmI,74 N lượt xem,2 tháng trước,https://i.ytimg.com/vi/m5pKIIWeQmI/hqdefault.jpg?sqp=-oaymwEcCNACELwBSFXyq4qpAw4IARUAAIhCGAFwAcABBg==&rs=AOn4CLAQGrY8IjfGbYwrvlcuzNUcKXwVXQ
"LÂU LÂU ĐÁNH RANK, TÔI SPAM TRISTANA LÚC NÀO KHÔNG HAY!!!",https://www.youtube.com/watch?v=zdhV9VOXcyc,64 N lượt xem,2 tháng trước,https://i.ytimg.com/vi/zdhV9VOXcyc/hqdefault.jpg?sqp=-oaymwEcCNACELwBSFXyq4qpAw4IARUAAIhCGAFwAcABBg==&rs=AOn4CLCg6Uo-JvO53AR_0gYCParqB9awog
Phân tích GEN vs BLG | Chiến thuật chống backdoor hoàn hảo của GENG | MSI 2024 | CHUNG KẾT,https://www.youtube.com/watch?v=4-vE_zCXuLE,80 N lượt xem,2 tháng trước,https://i.ytimg.com/vi/4-vE_zCXuLE/hqdefault.jpg?sqp=-oaymwEcCNACELwBSFXyq4qpAw4IARUAAIhCGAFwAcABBg==&rs=AOn4CLB1_rIUN8aO7dqC87gCkWOG9GvjQA
"SOFM, ANH BA VÀ TEAM SBTC CÙNG TRANH CHỨC VỊ QUÁN QUÂN VÕ ĐÀI",https://www.youtube.com/watch?v=g6gB8u29YJY,108 N lượt xem,2 tháng trước,https://i.ytimg.com/vi/g6gB8u29YJY/hqdefault.jpg?sqp=-oaymwEcCNACELwBSFXyq4qpAw4IARUAAIhCGAFwAcABBg==&rs=AOn4CLBPJ2O0FV3jTfnMZq6ThwJKNc2AZQ
"SOFM VÀ CON BÀI SWAIN ""GẦN NHƯ LÀ END GAME"" PHÁ ĐẢO CHẾ ĐỘ VÕ ĐÀI.",https://www.youtube.com/watch?v=NoF__kSDQtQ,215 N lượt xem,3 tháng trước,https://i.ytimg.com/vi/NoF__kSDQtQ/hqdefault.jpg?sqp=-oaymwEcCNACELwBSFXyq4qpAw4IARUAAIhCGAFwAcABBg==&rs=AOn4CLC2ZOeQD52OJf3A7uAfmVt081Nu-Q
CUSTOM CÙNG ANH EM SBTC VÀ GIÁO ÁN JAX HỖ TRỢ CARRY TEAM CỰC CĂNG,https://www.youtube.com/watch?v=_HGF5i2jpX0,98 N lượt xem,3 tháng trước,https://i.ytimg.com/vi/_HGF5i2jpX0/hqdefault.jpg?sqp=-oaymwEcCNACELwBSFXyq4qpAw4IARUAAIhCGAFwAcABBg==&rs=AOn4CLBfNZYkZaRu7X2SsEtiHaxuYCmC6w
"RUMBLE CỦA SOFM SẤY QUÁ ""KHÉT"".",https://www.youtube.com/watch?v=8hg7sYMuY3o,46 N lượt xem,5 tháng trước,https://i.ytimg.com/vi/8hg7sYMuY3o/hqdefault.jpg?sqp=-oaymwEcCNACELwBSFXyq4qpAw4IARUAAIhCGAFwAcABBg==&rs=AOn4CLBPGbepOoJzkj7G2ZUydA8DRL6OdA
TWISTED FATE TRONG TAY VỊ TƯỚNG SOFM.,https://www.youtube.com/watch?v=DabH89UsYjk,57 N lượt xem,5 tháng trước,https://i.ytimg.com/vi/DabH89UsYjk/hqdefault.jpg?sqp=-oaymwEcCNACELwBSFXyq4qpAw4IARUAAIhCGAFwAcABBg==&rs=AOn4CLCbiG0YGNtIZh06QZV_VLmML0k8iA
"JAYCE TRÔN TRÔN, LÂU LÂU LEO RANK TỪ VỊ TRÍ EM DUY.",https://www.youtube.com/watch?v=ssgaV6kZR_4,45 N lượt xem,5 tháng trước,https://i.ytimg.com/vi/ssgaV6kZR_4/hqdefault.jpg?sqp=-oaymwEcCNACELwBSFXyq4qpAw4IARUAAIhCGAFwAcABBg==&rs=AOn4CLCqQQQkOMsbHjh_gKDPTo2BwrT41A
SOFM LẦN ĐẦU TRẢI NGHIỆM GENSHIN IMPACT | BANNER 4.4,https://www.youtube.com/watch?v=lJVhfD9rNwc,440 N lượt xem,6 tháng trước,https://i.ytimg.com/vi/lJVhfD9rNwc/hqdefault.jpg?sqp=-oaymwEcCNACELwBSFXyq4qpAw4IARUAAIhCGAFwAcABBg==&rs=AOn4CLBxZvENuBLhw08EtKfdWhnnygzYcg
BẤT NGỜ ĐỤNG ĐỒ BIN Ở BÊN KIA CHIẾN TUYẾN - ĐẠI CHIẾN TOÀN SAO TẠI SEVER APAC | SOFM DAILY STREAM,https://www.youtube.com/watch?v=zHeBiytbhNw,74 N lượt xem,7 tháng trước,https://i.ytimg.com/vi/zHeBiytbhNw/hqdefault.jpg?sqp=-oaymwEcCNACELwBSFXyq4qpAw4IARUAAIhCGAFwAcABBg==&rs=AOn4CLCbHUzTq2vVXCSPWZBIyTaOiOiphw
(FULLGAME) SOFM VÁC KHA'ZIX VÀO RỪNG - TRẢI NGHIỆM BẢN ĐỒ MỚI CÙNG CÁC HÀO THỦ | SOFM DAILY STREAM,https://www.youtube.com/watch?v=3WURRGv1eIE,110 N lượt xem,7 tháng trước,https://i.ytimg.com/vi/3WURRGv1eIE/hqdefault.jpg?sqp=-oaymwEcCNACELwBSFXyq4qpAw4IARUAAIhCGAFwAcABBg==&rs=AOn4CLAAe_3all4WT3uJVZTglF7DVplFKA
"TRISTANA SÁT THỦ TRONG TAY SOFM ĐÁNG SỢ RA SAO ? - ""TẦM NÀY KHÔNG HÈN GÌ CẢ"" | SOFM DAILY STREAM",https://www.youtube.com/watch?v=eDEkKj03ALk,40 N lượt xem,7 tháng trước,https://i.ytimg.com/vi/eDEkKj03ALk/hqdefault.jpg?sqp=-oaymwEcCNACELwBSFXyq4qpAw4IARUAAIhCGAFwAcABBg==&rs=AOn4CLBk2b-rh2zwZh-t6UhOHNfEvSfO-Q
TRUNG BÌNH MỘT TRẬN CỦA SOFM TẠI CUSTOM THẦY GIÁO BA | SOFM DAILY STREAM,https://www.youtube.com/watch?v=e-mAzC0rxOk,74 N lượt xem,7 tháng trước,https://i.ytimg.com/vi/e-mAzC0rxOk/hqdefault.jpg?sqp=-oaymwEcCNACELwBSFXyq4qpAw4IARUAAIhCGAFwAcABBg==&rs=AOn4CLAT4GL5PShsTBX5EUEngTSToTIABg
SOFM ÍT KHI ĐÁNH ZED VÀ CÁI KẾT ? - ZED98 PK 800 HIỆP TẠI CUSTOM THẦY BA | SOFM DAILY STREAM,https://www.youtube.com/watch?v=BiahAhfNl8U,48 N lượt xem,7 tháng trước,https://i.ytimg.com/vi/BiahAhfNl8U/hqdefault.jpg?sqp=-oaymwEcCNACELwBSFXyq4qpAw4IARUAAIhCGAFwAcABBg==&rs=AOn4CLCL81VT3WgrDEo0OUIpn8lVIfL1DQ
SYLAS PK HẾT NƯỚC CHẤM TRONG TAY SOFM - GAME NÀY HƠI KUTE HAY SAO ẤY NHỈ ? | SOFM DAILY STREAM,https://www.youtube.com/watch?v=8Rr2J0nRTGE,40 N lượt xem,7 tháng trước,https://i.ytimg.com/vi/8Rr2J0nRTGE/hqdefault.jpg?sqp=-oaymwEcCNACELwBSFXyq4qpAw4IARUAAIhCGAFwAcABBg==&rs=AOn4CLDm45RWCgxRLWQvuYQULIjoBcM3ww
SOFM TRỞ LẠI KHU RỪNG VỚI CON BÀI KHAZIX - 15 PHÚT GG | SOFM DAILY STREAM,https://www.youtube.com/watch?v=zbUgjfT6c5w,114 N lượt xem,8 tháng trước,https://i.ytimg.com/vi/zbUgjfT6c5w/hqdefault.jpg?sqp=-oaymwEcCNACELwBSFXyq4qpAw4IARUAAIhCGAFwAcABBg==&rs=AOn4CLDD0OJMh1b38NZhNYzhnTMAb-Grdg
CẨM NANG CHINH PHỤC VỊ TƯỚNG MỚI NHẤT LMHT - GAME LÀ DỄ ? | SOFM DAILY STREAM,https://www.youtube.com/watch?v=qg80qyOpHXk,92 N lượt xem,8 tháng trước,https://i.ytimg.com/vi/qg80qyOpHXk/hqdefault.jpg?sqp=-oaymwEcCNACELwBSFXyq4qpAw4IARUAAIhCGAFwAcABBg==&rs=AOn4CLCLbWsthjDwa3Tku1C4nttDs8Ra_g
SOFM CÔNG KHAI GÓC LIVESTREAM MỚI ?  - CÁCH ĐỂ CHƠI GAME CHILL CHILL | SOFM DAILY STREAM,https://www.youtube.com/watch?v=M4cHLL1VjdM,38 N lượt xem,8 tháng trước,https://i.ytimg.com/vi/M4cHLL1VjdM/hqdefault.jpg?sqp=-oaymwEcCNACELwBSFXyq4qpAw4IARUAAIhCGAFwAcABBg==&rs=AOn4CLCg-NvL-eC_79m4EC1wTtlxG-zLXw
KÈO PK CỰC CĂNG VỚI EM DẾ - PHÁ ĐẢO CUSTOM THẦY GIÁO BA VÀ CÁI KẾT | SOFM DAILY STREAM,https://www.youtube.com/watch?v=rx_f_KLaurY,61 N lượt xem,8 tháng trước,https://i.ytimg.com/vi/rx_f_KLaurY/hqdefault.jpg?sqp=-oaymwEcCNACELwBSFXyq4qpAw4IARUAAIhCGAFwAcABBg==&rs=AOn4CLAT0dg6j-uuiNI3q6Tad9UJ9nBgMA
PHÁ ĐẢO CUSTOM THẦY GIÁO BA VỚI POPPY - KÈO CỰC KÌ PK VỚI ZEROS | SOFM DAILY STREAM,https://www.youtube.com/watch?v=g2nbNPZ3cJw,82 N lượt xem,8 tháng trước,https://i.ytimg.com/vi/g2nbNPZ3cJw/hqdefault.jpg?sqp=-oaymwEcCNACELwBSFXyq4qpAw4IARUAAIhCGAFwAcABBg==&rs=AOn4CLCNsUM4pyO3rMiQmc5nxpeo-HtNUw
GIÁO ÁN KAYLE ĐI MID QUÁ TÍN ĐẾN TỪ SOFM - KÈO SOLO 1 VS 1 CỰC CĂNG | SOFM DAILY STREAM,https://www.youtube.com/watch?v=qrVxPSiD7_8,65 N lượt xem,8 tháng trước,https://i.ytimg.com/vi/qrVxPSiD7_8/hqdefault.jpg?sqp=-oaymwEcCNACELwBSFXyq4qpAw4IARUAAIhCGAFwAcABBg==&rs=AOn4CLBg4mEe5sWtEuaVYZnjfldoAWAVlg
SOFM ĐÃ THẮNG TRÊN THẾ THUA NHƯ THẾ NÀO ? - CHILL CHILL ĐẦU GAME VÀ CÁI KẾT | SOFM DAILY STREAM,https://www.youtube.com/watch?v=BbMxza0N3BQ,51 N lượt xem,8 tháng trước,https://i.ytimg.com/vi/BbMxza0N3BQ/hqdefault.jpg?sqp=-oaymwEcCNACELwBSFXyq4qpAw4IARUAAIhCGAFwAcABBg==&rs=AOn4CLCWXUNgOfMWlXPycwEbSl7FyuANtQ
CÁCH MÀ SOFM GIÚP ABA PHÁ VỠ KỈ LỤC ? - MẬT VỤ SUSAN 0175 ĐÃ LÀ QUÁ KHỨ | SOFM DAILY STREAM,https://www.youtube.com/watch?v=9la47MVtEMo,127 N lượt xem,8 tháng trước,https://i.ytimg.com/vi/9la47MVtEMo/hqdefault.jpg?sqp=-oaymwEcCNACELwBSFXyq4qpAw4IARUAAIhCGAFwAcABBg==&rs=AOn4CLAbw6cMzAQ8Gi6O21OX-M9vY7hHHw
TRUNG BÌNH 1 NGÀY ĐÁNH RANK CỦA SOFM - CON AZIR RỒNG BAY PHƯỢNG MÚA | SOFM DAILY STREAM,https://www.youtube.com/watch?v=_9rxxyEWOyk,64 N lượt xem,8 tháng trước,https://i.ytimg.com/vi/_9rxxyEWOyk/hqdefault.jpg?sqp=-oaymwEcCNACELwBSFXyq4qpAw4IARUAAIhCGAFwAcABBg==&rs=AOn4CLD1YlxU4quFSA00ib3Ac4KKCsdWhQ
SOFM PHÂN TÍCH T1 vs WBG - GIAO TRANH QUÁ MÃN NHÃN XỨNG ĐÁNG KÌ CHUNG KẾT TRONG MƠ | SOFM,https://www.youtube.com/watch?v=fByJ-X4LoCw,174 N lượt xem,8 tháng trước,https://i.ytimg.com/vi/fByJ-X4LoCw/hqdefault.jpg?sqp=-oaymwEcCNACELwBSFXyq4qpAw4IARUAAIhCGAFwAcABBg==&rs=AOn4CLBJ4PBlupO5oDZiiuSWMmDLSbJvNA
PHÂN TÍCH ĐỐI THỦ CỦA T1 ? - TRẬN CHUNG KẾT TRONG MƠ | SOFM CKTG 2023,https://www.youtube.com/watch?v=zLpnPwA3xtg,86 N lượt xem,8 tháng trước,https://i.ytimg.com/vi/zLpnPwA3xtg/hqdefault.jpg?sqp=-oaymwEcCNACELwBSFXyq4qpAw4IARUAAIhCGAFwAcABBg==&rs=AOn4CLD1lk5wc1RJMOKzx0DOHiBv6oZSRg
SOFM PHÂN TÍCH T1 vs JDG - TRẬN ĐẤU CỦA NHỮNG NGÔI SAO | SOFM CKTG 2023,https://www.youtube.com/watch?v=Uf9fQZOOd7I,314 N lượt xem,9 tháng trước,https://i.ytimg.com/vi/Uf9fQZOOd7I/hqdefault.jpg?sqp=-oaymwEcCNACELwBSFXyq4qpAw4IARUAAIhCGAFwAcABBg==&rs=AOn4CLCBLdeaXtwvTPjWDtrz8WXQXnmlPA
SOFM PHÂN TÍCH T1 VS LNG - HÀO QUANG NHÂN VẬT CHÍNH - TẬP 1 | SOFM,https://www.youtube.com/watch?v=9eobh6IMSuI,269 N lượt xem,9 tháng trước,https://i.ytimg.com/vi/9eobh6IMSuI/hqdefault.jpg?sqp=-oaymwEcCNACELwBSFXyq4qpAw4IARUAAIhCGAFwAcABBg==&rs=AOn4CLD4eYLT-rSBmnZ-RCnfa-uyLiTC9g
SOFM HỦY DIỆT CUSTOM CỦA THẦY BA - CÁCH ĐỂ TRỪ MID NGAY TỪ LEVEL 1 ? | SOFM CUSTOM,https://www.youtube.com/watch?v=6B13lGH1PIQ,172 N lượt xem,9 tháng trước,https://i.ytimg.com/vi/6B13lGH1PIQ/hqdefault.jpg?sqp=-oaymwEcCNACELwBSFXyq4qpAw4IARUAAIhCGAFwAcABBg==&rs=AOn4CLDhEr8YqU10AtLK27MWwZGCE35X_w
SOFM PHÂN TÍCH T1 VS BLG - CUỘC ĐỤNG ĐỘ CỦA NHỮNG GÃ TAY TO | SOFM CKTG 2023,https://www.youtube.com/watch?v=Kz1bkQBayeQ,227 N lượt xem,9 tháng trước,https://i.ytimg.com/vi/Kz1bkQBayeQ/hqdefault.jpg?sqp=-oaymwEcCNACELwBSFXyq4qpAw4IARUAAIhCGAFwAcABBg==&rs=AOn4CLAQZn_mh2VVVf9p66ana7yEywJbXA
SOFM PHÂN TÍCH GAM VS DK - CUỘC ĐỐI ĐẦU VỚI NHÀ VÔ ĐỊCH CKTG | SOFM CKTG 2023,https://www.youtube.com/watch?v=UPuADsaBHy0,37 N lượt xem,9 tháng trước,https://i.ytimg.com/vi/UPuADsaBHy0/hqdefault.jpg?sqp=-oaymwEcCNACELwBSFXyq4qpAw4IARUAAIhCGAFwAcABBg==&rs=AOn4CLBpR2UclRQ1T3sLLngFdOGxfbhqHw
SOFM PHÂN TÍCH GAM VS TL - CHÚC MỪNG CHIẾN THẮNG BÙNG NỔ CỦA GAM | SOFM CKTG 2023,https://www.youtube.com/watch?v=tkbdgpNVRhA,139 N lượt xem,9 tháng trước,https://i.ytimg.com/vi/tkbdgpNVRhA/hqdefault.jpg?sqp=-oaymwEcCNACELwBSFXyq4qpAw4IARUAAIhCGAFwAcABBg==&rs=AOn4CLBjtCBCJbbB8FVEZA25MK1oH_XuFg
SOFM PHÂN TÍCH T1 vs GEN G - TÁI HIỆN CHUNG KẾT LCK - CKTG VÒNG THỤY SĨ | SOFM,https://www.youtube.com/watch?v=bm5AWgw-hhk,101 N lượt xem,9 tháng trước,https://i.ytimg.com/vi/bm5AWgw-hhk/hqdefault.jpg?sqp=-oaymwEcCNACELwBSFXyq4qpAw4IARUAAIhCGAFwAcABBg==&rs=AOn4CLCVBUWYRvVvbtkeUHf2iDDUvsuPQA
SOFM PHÂN TÍCH GAM vs GEN G - LIỀU THUỐC THỬ HẠNG NẶNG DÀNH CHO ĐẠI DIỆN VCS - GAM CỐ LÊN | SOFM,https://www.youtube.com/watch?v=IJx3t5dzmJM,80 N lượt xem,9 tháng trước,https://i.ytimg.com/vi/IJx3t5dzmJM/hqdefault.jpg?sqp=-oaymwEcCNACELwBSFXyq4qpAw4IARUAAIhCGAFwAcABBg==&rs=AOn4CLD54ya4CuXUdmqKICGlGYVbtyNxVw
SOFM SẤY CỰC GẮT SAU ĐẠI CHIẾN VCS TẠI CKTG 2023 - NHỮNG SAI LẦM CỐ HỮU VẪN CHƯA SỬA ĐƯỢC ? | SOFM,https://www.youtube.com/watch?v=M-N_6RAig0M,192 N lượt xem,9 tháng trước,https://i.ytimg.com/vi/M-N_6RAig0M/hqdefault.jpg?sqp=-oaymwEcCNACELwBSFXyq4qpAw4IARUAAIhCGAFwAcABBg==&rs=AOn4CLCiZZNUktTwqjtto4gAJj_UJth3-A
SOFM LEESIN PHÁ ĐẢO RANK HÀN - HÀNH TRÌNH LEO RANK SEVER HÀN QUỐC | SOFM DAILY STREAM,https://www.youtube.com/watch?v=aeYlda9FI8I,114 N lượt xem,11 tháng trước,https://i.ytimg.com/vi/aeYlda9FI8I/hqdefault.jpg?sqp=-oaymwEcCNACELwBSFXyq4qpAw4IARUAAIhCGAFwAcABBg==&rs=AOn4CLDojj5K9NIjP7exMlqZKbssw4NkeQ
"SOFM TRỞ LẠI KHU RỪNG VỚI VIEGO ""OUT TRÌNH"" - CHILL CHILL RANK HÀN CÙNG DUY | SOFM DAILY STREAM",https://www.youtube.com/watch?v=kjQVsUuokwQ,176 N lượt xem,11 tháng trước,https://i.ytimg.com/vi/kjQVsUuokwQ/hqdefault.jpg?sqp=-oaymwEcCNACELwBSFXyq4qpAw4IARUAAIhCGAFwAcABBg==&rs=AOn4CLDu3Gx82bOjAaNUVN15bcrkqM02IQ
SOFM COMEBACK RANK HÀN - CHÁO QUẨY LEESIN DANH BẤT HƯ TRUYỀN | SOFM DAILY STREAM,https://www.youtube.com/watch?v=_p-bbsidtBY,196 N lượt xem,11 tháng trước,https://i.ytimg.com/vi/_p-bbsidtBY/hqdefault.jpg?sqp=-oaymwEcCNACELwBSFXyq4qpAw4IARUAAIhCGAFwAcABBg==&rs=AOn4CLB-zlF-SZtyep8uusylTS_zwg4UlA
SOFM COMEBACK RANK VIỆT - ĐẶC SẢN XIN LANE QUEN THUỘC VÀ CÁI KẾT BẤT NGỜ | SOFM DAILY STREAM,https://www.youtube.com/watch?v=G-UoHiDZ_og,64 N lượt xem,11 tháng trước,
CUỘC CHIẾN KHÔNG CÂN SỨC GIỮA Á QUÂN CKTG SOFM VÀ THẦY GIÁO BA - SỰ CỐ GẮNG CỦA ANH EM TAM KÊ | SOFM,https://www.youtube.com/watch?v=OUvyjoUTmyY,139 N lượt xem,11 tháng trước,
DẠO NÀY ABA LÊN CLIP HƠI NHIỀU VÀ CÁI KẾT - CUỘC CHIẾN VÔ CỰC GIỮA HỘI TAM MAO VÀ TAM KÊ | SOFM,https://www.youtube.com/watch?v=wBfY35ZLQG4,102 N lượt xem,11 tháng trước,
BÍ KÍP CHIẾN THẮNG VÕ ĐÀI 2V2V2V2 CỦA SOFM - KAISA CÓ THỰC SỰ QUÁ OP ? | SOFM DAILY STREAM,https://www.youtube.com/watch?v=b3ybj9F_vQ8,104 N lượt xem,1 năm trước,
SOFM ĐẠI CHIẾN SOLO CÙNG NHISM AKA TRẦN THÁI YEAH VÀ CÁI KẾT | SOFM DAILY STREAM,https://www.youtube.com/watch?v=Y3P1AI7WEJc,120 N lượt xem,1 năm trước,
KÈO TOP CỰC KÌ PK VỚI THẦY GIÁO BA - HỖN CHIẾN VỚI HỘI TAM KÊ | SOFM DAILY STREAM,https://www.youtube.com/watch?v=AeyzxrHsKfY,112 N lượt xem,1 năm trước,
SOFM + BIỆT ĐỘI TAM MAO vs HỘI TAM KÊ - CUSTOM ƯƠM MẦM TÀI NĂNG TRẺ | SOFM DAILY STREAM,https://www.youtube.com/watch?v=nvul6x6ro4k,80 N lượt xem,1 năm trước,
SONG SÁT HUỶ DIỆT CHẾ ĐỘ VÕ ĐÀI 2V2V2V2 - SOFM x BOONGMINZ | SOFM FUNNY DAILY,https://www.youtube.com/watch?v=XOkDcymcw6Y,120 N lượt xem,1 năm trước,
PHÂN TÍCH VCS TRẬN CẦU TÂM ĐIỂM - TW VS GAM - SẤY CẢ VCS CÙNG SOFM | SOFM PHÂN TÍCH,https://www.youtube.com/watch?v=V8Q5lXn3fOo,69 N lượt xem,1 năm trước,
"AI ""THƯƠNG"" MỚI SẤY -  SOFM PHÂN TÍCH VCS MÙA HÈ 2023 - TEAM SECRET VS CERBERUS | SOFM PHÂN TÍCH",https://www.youtube.com/watch?v=W3oeyCCVIFE,55 N lượt xem,1 năm trước,
MÀN LỘI NGƯỢC DÒNG KHÔNG TƯỞNG  -  BUỔI STREAM BẤT ỔN CỦA SOFM | SOFM DAILY STREAM,https://www.youtube.com/watch?v=bz5sXnmv6XY,62 N lượt xem,1 năm trước,
SOFM PHÂN TÍCH SGB vs GAM - VCS MÙA HÈ 2023 | SOFM PHÂN TÍCH VCS,https://www.youtube.com/watch?v=n8WRxcPSfcM,121 N lượt xem,1 năm trước,
KAISA NÊN LÊN ĐỒ NHƯ THẾ NÀO ? - SOFM KAISA MID QUÁ BÁ ĐẠO | SOFM DAILY STREAM,https://www.youtube.com/watch?v=lktEMBf5k_0,92 N lượt xem,1 năm trước,https://i.ytimg.com/vi/lktEMBf5k_0/hqdefault.jpg?sqp=-oaymwEcCNACELwBSFXyq4qpAw4IARUAAIhCGAFwAcABBg==&rs=AOn4CLDOXJ9v7zRTQIsKrdhdX-lfuDvLMw
SOFM FIORA - GIÁO ÁN ĐI TOP VỚI KÈO CỰC KÌ PK | SOFM DAILY STREAM,https://www.youtube.com/watch?v=znCtHLI-WP8,114 N lượt xem,1 năm trước,https://i.ytimg.com/vi/znCtHLI-WP8/hqdefault.jpg?sqp=-oaymwEcCNACELwBSFXyq4qpAw4IARUAAIhCGAFwAcABBg==&rs=AOn4CLAB8nLIaSi-iCAW-gs0YQYCipD3_Q
"NGƯỜI CHƠI HỆ ""QUẢ DÉO"" SOFM - QUẨY SYLAS HẾT NƯỚC CHẤM | SOFM DAILY STREAM",https://www.youtube.com/watch?v=VGq7Lw1yjqU,113 N lượt xem,1 năm trước,https://i.ytimg.com/vi/VGq7Lw1yjqU/hqdefault.jpg?sqp=-oaymwEcCNACELwBSFXyq4qpAw4IARUAAIhCGAFwAcABBg==&rs=AOn4CLAl6qSLUG6hdG9CdqtGgwEwUaXePg
CÁCH ĐỂ TRỞ THÀNH GAME THỦ CHUYÊN NGHIỆP Ở VCS ? - SOFM HÒA LÀM 1 VỚI TEDDY BEAR | SOFM DAILY STREAM,https://www.youtube.com/watch?v=ZHo4c2QDaVU,74 N lượt xem,1 năm trước,https://i.ytimg.com/vi/ZHo4c2QDaVU/hqdefault.jpg?sqp=-oaymwEcCNACELwBSFXyq4qpAw4IARUAAIhCGAFwAcABBg==&rs=AOn4CLCT5iWbcaer0KcrCqhxnIOTdZVYYQ
VEIGAR PHIÊN BẢN CHILL CHILL ĐẾN TỪ SOFM - DỄ CHƠI DỄ TRÚNG THƯỞNG | SOFM DAILY STREAM,https://www.youtube.com/watch?v=debm_6zaKAs,75 N lượt xem,1 năm trước,https://i.ytimg.com/vi/debm_6zaKAs/hqdefault.jpg?sqp=-oaymwEcCNACELwBSFXyq4qpAw4IARUAAIhCGAFwAcABBg==&rs=AOn4CLC0Hi41_5eSPDjhlTrkOHRtjzWdcg
PARTY CÙNG ANH EM 500BROS - SOFM TRÒN VAI TRỞ LẠI | SOFM DAILY STREAM,https://www.youtube.com/watch?v=K6Fygs6UDTc,150 N lượt xem,1 năm trước,https://i.ytimg.com/vi/K6Fygs6UDTc/hqdefault.jpg?sqp=-oaymwEcCNACELwBSFXyq4qpAw4IARUAAIhCGAFwAcABBg==&rs=AOn4CLBRkYNgrJcNuKKWQuhgT_BU0tkEFQ
"SOFM ĐÃ CĂNG ""NHẤT ĐỊNH PHẢI GỠ"" - CUSTOM CÙNG ANH EM | SOFM DAILY STREAM",https://www.youtube.com/watch?v=B-Uv8jZqRls,129 N lượt xem,1 năm trước,https://i.ytimg.com/vi/B-Uv8jZqRls/hqdefault.jpg?sqp=-oaymwEcCNACELwBSFXyq4qpAw4IARUAAIhCGAFwAcABBg==&rs=AOn4CLDVncnj8d5TJ70Q8WyRhLvezh3dwg
CUSTOM VUI VẺ SAU NHỮNG GIỜ PHÂN TÍCH CĂNG THẲNG - EM DUY ALL LANE | SOFM DAILY STREAM,https://www.youtube.com/watch?v=Blq_VKka1uU,80 N lượt xem,1 năm trước,https://i.ytimg.com/vi/Blq_VKka1uU/hqdefault.jpg?sqp=-oaymwEcCNACELwBSFXyq4qpAw4IARUAAIhCGAFwAcABBg==&rs=AOn4CLA7XJNhRX6iw6v-phXMnOEmKW1UYA
"CUSTOM CỰC CĂNG -  SỰ TÁI HỢP CỦA GFL SOFM VÀ GFL VIOLET ĐỐI ĐẦU ZOTAC BAROIBEO, CLEAR, KITZ, ...",https://www.youtube.com/watch?v=NM5MvTy1x9w,254 N lượt xem,1 năm trước,https://i.ytimg.com/vi/NM5MvTy1x9w/hqdefault.jpg?sqp=-oaymwEcCNACELwBSFXyq4qpAw4IARUAAIhCGAFwAcABBg==&rs=AOn4CLBbsrDRjz4mu7fqAFTz39RZpQP42g
SHOWMATCH | HIGHLIGHT TEAM SOFM vs TEAM LEVI,https://www.youtube.com/watch?v=cQ1SlgErf2Q,105 N lượt xem,1 năm trước,https://i.ytimg.com/vi/cQ1SlgErf2Q/hqdefault.jpg?sqp=-oaymwEcCNACELwBSFXyq4qpAw4IARUAAIhCGAFwAcABBg==&rs=AOn4CLDuQTNC-grwC6R_LGjrOQSYwCOoKA
SOFM PHÂN TÍCH T1 VS GENG - TRẬN CHUNG KẾT KHÔNG TƯỞNG | SOFM PHÂN TÍCH,https://www.youtube.com/watch?v=HZMNhCGhQ2Y,101 N lượt xem,1 năm trước,https://i.ytimg.com/vi/HZMNhCGhQ2Y/hqdefault.jpg?sqp=-oaymwEcCNACELwBSFXyq4qpAw4IARUAAIhCGAFwAcABBg==&rs=AOn4CLA0OguPz23SYyURQl2lSbzQBLtr6g
SOFM PHÂN TÍCH SE VS TW - PLAY OFF VCS HỪNG ĐÔNG 2023 | SOFM PHÂN TÍCH VCS,https://www.youtube.com/watch?v=dW3C02keY5w,76 N lượt xem,1 năm trước,https://i.ytimg.com/vi/dW3C02keY5w/hqdefault.jpg?sqp=-oaymwEcCNACELwBSFXyq4qpAw4IARUAAIhCGAFwAcABBg==&rs=AOn4CLAMPSzasXme72V3WVl4jY3bWAJsuw
TEAM CẦN LÀ SOFM CÓ - TWISTED FATE MỞ COMBAT TRONG TAY EM BEOS | SOFM DAILY STREAM,https://www.youtube.com/watch?v=aTEQW9cPdiM,149 N lượt xem,1 năm trước,https://i.ytimg.com/vi/aTEQW9cPdiM/hqdefault.jpg?sqp=-oaymwEcCNACELwBSFXyq4qpAw4IARUAAIhCGAFwAcABBg==&rs=AOn4CLBLwe36la54wjdu8cbjYr_A1zkk9Q
CHECK MIC CHECK SE VS GAM - THÔNG TIN CẦN THIẾT KHI TRAO ĐỔI TRONG BAN/PICK ? | PHÂN TÍCH MIC CHECK,https://www.youtube.com/watch?v=eAAuApKtZdI,106 N lượt xem,1 năm trước,https://i.ytimg.com/vi/eAAuApKtZdI/hqdefault.jpg?sqp=-oaymwEcCNACELwBSFXyq4qpAw4IARUAAIhCGAFwAcABBg==&rs=AOn4CLAO6S8WUkDWDrxPPr9J1eex_w9MDQ
SOFM PHÂN TÍCH GAM VS SE ( LƯỢT VỀ ) - TRẬN CẦU TÂM ĐIỂM | SOFM PHÂN TÍCH VCS,https://www.youtube.com/watch?v=Z2r565t7AJU,141 N lượt xem,1 năm trước,
SOFM ZED98 ĐỐI ĐẦU VỚI XẠ THỦ HÀN QUỐC - BIẾN ẢO VỚI GIÁO ÁN ZED | SOFM DAILY STREAM,https://www.youtube.com/watch?v=XAO_6YYisog,102 N lượt xem,1 năm trước,
SOFM PHÂN TÍCH SE VS SGB - GIAI ĐOẠN NƯỚC RÚT CỦA VCS | SOFM PHÂN TÍCH VCS,https://www.youtube.com/watch?v=6dKmDoUXZxM,84 N lượt xem,1 năm trước,
SOFM LÀM GÌ KHI BỊ CAMP LIÊN TỤC Ở ĐẦU GAME ? - KAISA MID ĐỐI ĐẦU CÙNG YONE | SOFM DAILY STREAM,https://www.youtube.com/watch?v=yvjbNE1eVMA,104 N lượt xem,1 năm trước,
SOFM SYLAS VỚI TÌNH HUỐNG SẤY VIEWER CỰC GẮT - SYLAS HỆ CHIẾN | SOFM DAILY STREAM,https://www.youtube.com/watch?v=UuEGGykzs54,132 N lượt xem,1 năm trước,
BÍ KÍP ĐẨY LẺ CỦA SOFM KHI ĐI TOP ? - FIORA LÊN GIÀY KHAI SÁNG IONIA | SOFM DAILY STREAM,https://www.youtube.com/watch?v=g3mHjtMFaFM,155 N lượt xem,1 năm trước,
SOFM PHÂN TÍCH SBTC VS TS - MÀN RƯỢT ĐUỔI CỰC CĂNG | SOFM PHÂN TÍCH VCS,https://www.youtube.com/watch?v=JrcKMN-H6JM,101 N lượt xem,1 năm trước,
SOFM PHÂN TÍCH GAM VS SBTC - TRẬN CẦU NẢY LỬA VCS | SOFM PHÂN TÍCH,https://www.youtube.com/watch?v=DfOPntUVoDA,217 N lượt xem,1 năm trước,
SOFM BẬT MODE 1 VS 2 KHI GẶP SP TROLL - MỘT NGÀY BÌNH THƯỜNG CỦA SOFM TẠI RANK VIỆT | DAILY STREAM,https://www.youtube.com/watch?v=rtD9EEK2ExQ,117 N lượt xem,1 năm trước,
LÝ DO TWISTED FATE KHÔNG CÒN ĐƯỢC SỬ DỤNG ? - LÊ QUANG JAX CHÁO QUẨY CỰC MẠNH  | SOFM DAILY,https://www.youtube.com/watch?v=i9HbUrwObHM,101 N lượt xem,1 năm trước,
"SOFM "" ĐIÊN CUỒNG "" VỚI CHẾ ĐỘ URF - ĐÁNH CHO ĐỦ TIMMING LÀ NHƯ THẾ NÀO ? | SOFM DAILY STREAM #9",https://www.youtube.com/watch?v=wm7QIJyWvTQ,103 N lượt xem,1 năm trước,https://i.ytimg.com/vi/wm7QIJyWvTQ/hqdefault.jpg?sqp=-oaymwEcCNACELwBSFXyq4qpAw4IARUAAIhCGAFwAcABBg==&rs=AOn4CLCfVc5Yx7ZSLNoirl-vUw5JFXFKqA
MỘT TRẬN ĐẤU TRÒN VAI CỦA SOFM KHI TỔ ĐỘI CÙNG ANH EM REFUND - YONE BIẾN ẢO TRONG TAY SOFM,https://www.youtube.com/watch?v=XuVz8qtMei4,100 N lượt xem,1 năm trước,https://i.ytimg.com/vi/XuVz8qtMei4/hqdefault.jpg?sqp=-oaymwEcCNACELwBSFXyq4qpAw4IARUAAIhCGAFwAcABBg==&rs=AOn4CLC69lbmn1Ihw22fkuo-V0XCyUvZ2Q
GÓC NHÌN CỦA SOFM VỚI THẾ TRẬN CỰC CĂNG KHI WBG VS BLG - PHÂN TÍCH LPL TRẬN WBG VS BLG #2 | SOFM,https://www.youtube.com/watch?v=YNPysakTAcU,60 N lượt xem,1 năm trước,https://i.ytimg.com/vi/YNPysakTAcU/hqdefault.jpg?sqp=-oaymwEcCNACELwBSFXyq4qpAw4IARUAAIhCGAFwAcABBg==&rs=AOn4CLARRVJkL507wFcn9fhAwRW-gX6vxA
SOFM PHÂN TÍCH TRẬN WBG vs BLG - CUỘC CHIẾN CỦA NHỮNG SIÊU SAO #1 | PHÂN TÍCH LPL,https://www.youtube.com/watch?v=ClM453qDJwE,60 N lượt xem,1 năm trước,https://i.ytimg.com/vi/ClM453qDJwE/hqdefault.jpg?sqp=-oaymwEcCNACELwBSFXyq4qpAw4IARUAAIhCGAFwAcABBg==&rs=AOn4CLCR1zlpKlvgUC4xCyyBHtIZ9BFMcA
ASHE SUPPORT TRONG TAY SOFM QUÁ MẪU MỰC - LÌ XÌ MỪNG TUỔI CHO CON BOONGMINZ ? | SOFM DAILY STREAM,https://www.youtube.com/watch?v=ISNJv8NOm0o,115 N lượt xem,1 năm trước,https://i.ytimg.com/vi/ISNJv8NOm0o/hqdefault.jpg?sqp=-oaymwEcCNACELwBSFXyq4qpAw4IARUAAIhCGAFwAcABBg==&rs=AOn4CLAT5-Xk4RvzTuRwigWqud17swcr4Q
SOFM PHÂN TÍCH NHỮNG CẶP ĐẤU HOT TẠI LPL - GÓC NHÌN CỦA TUYỂN THỦ CHUYÊN NGHIỆP LPL | PHÂN TÍCH LPL,https://www.youtube.com/watch?v=vRuLKTKRDO0,94 N lượt xem,1 năm trước,https://i.ytimg.com/vi/vRuLKTKRDO0/hqdefault.jpg?sqp=-oaymwEcCNACELwBSFXyq4qpAw4IARUAAIhCGAFwAcABBg==&rs=AOn4CLBRWcplFTIWsJctn94-nRfCzBwwpQ
"""KHÓC ĐÂY, TÔI KHÓC ĐÂY"" SOFM SAID - LEESIN TRONG TAY SOFM ĐÃ GIẢI CỨU RANK CHO BOONGMINZ NTN ?",https://www.youtube.com/watch?v=a9c90uL4_7E,216 N lượt xem,1 năm trước,https://i.ytimg.com/vi/a9c90uL4_7E/hqdefault.jpg?sqp=-oaymwEcCNACELwBSFXyq4qpAw4IARUAAIhCGAFwAcABBg==&rs=AOn4CLAEa8ngDVkAp7Qf83mPB05TvvnPUQ
SOFM VÀ GIÁO ÁN KSANTE DÀNH CHO NGƯỜI MỚI BẤT ĐẦU | SOFM DAILY STREAM #4,https://www.youtube.com/watch?v=tA2Ltj1_otc,95 N lượt xem,1 năm trước,https://i.ytimg.com/vi/tA2Ltj1_otc/hqdefault.jpg?sqp=-oaymwEcCNACELwBSFXyq4qpAw4IARUAAIhCGAFwAcABBg==&rs=AOn4CLCmgTpgHJTRi0Plzi7y6VhWB-htTg
"[ PUMMEL PARTY ] SOFM THỂ HIỆN KHẢ NĂNG ""TAY TO"" ĐỐI ĐẦU VỚI ANH EM REFUND | SOFM DAILY STREAM #4",https://www.youtube.com/watch?v=_g3Jbik05iU,48 N lượt xem,1 năm trước,https://i.ytimg.com/vi/_g3Jbik05iU/hqdefault.jpg?sqp=-oaymwEcCNACELwBSFXyq4qpAw4IARUAAIhCGAFwAcABBg==&rs=AOn4CLALLoLJsv0PTNSLMtqFGQCAMmTELA
"SOFM LẦN ĐẦU MỞ CAM PHÁT ""CƠM TRÓ"" - MỘT TRẦN ĐẤU RẤT TRÒN VAI CỦA SOFM | SOFM DAILY STREAM #3",https://www.youtube.com/watch?v=ZL9myXsg8zA,307 N lượt xem,1 năm trước,https://i.ytimg.com/vi/ZL9myXsg8zA/hqdefault.jpg?sqp=-oaymwEcCNACELwBSFXyq4qpAw4IARUAAIhCGAFwAcABBg==&rs=AOn4CLDiNdObvj1zMY5cnsV9qOzJWkmFJA
"BAO GIỜ THÌ SOFM CÓ ""CAM"" ? - CALL TEAM PHONG CÁCH LPL LÀ NHƯ THẾ NÀO ? | SOFM DAILY STREAM #2",https://www.youtube.com/watch?v=Wv9L9ACTMWs,240 N lượt xem,1 năm trước,https://i.ytimg.com/vi/Wv9L9ACTMWs/hqdefault.jpg?sqp=-oaymwEcCNACELwBSFXyq4qpAw4IARUAAIhCGAFwAcABBg==&rs=AOn4CLDJcoq8VzpXt3C12g_sCP3FuPbpPw
SOFM COMEBACK RANK VIỆT CÙNG NHIMS VÀ BOONGMINZ - DAILY STREAM #1,https://www.youtube.com/watch?v=C6PcatIGYzc,162 N lượt xem,1 năm trước,https://i.ytimg.com/vi/C6PcatIGYzc/hqdefault.jpg?sqp=-oaymwEcCNACELwBSFXyq4qpAw4IARUAAIhCGAFwAcABBg==&rs=AOn4CLAcYkClbYfGD8QgQ9SzaEJ-Lub6hQ
SOFM MONTAGE - KẺ TẠO RA HIGHLIGHTS #3 | SOFM,https://www.youtube.com/watch?v=NpBGi0248IE,46 N lượt xem,1 năm trước,https://i.ytimg.com/vi/NpBGi0248IE/hqdefault.jpg?sqp=-oaymwEcCNACELwBSFXyq4qpAw4IARUAAIhCGAFwAcABBg==&rs=AOn4CLD3o_OkVkXhG86_j433AUCH9wYsAA
PHIM TÀI LIỆU WEIBO GAMING - STEP | LPL 2022 | WEIBO GAMING DOCUMENTARY,https://www.youtube.com/watch?v=RMvE92nidiQ,23 N lượt xem,1 năm trước,https://i.ytimg.com/vi/RMvE92nidiQ/hqdefault.jpg?sqp=-oaymwEcCNACELwBSFXyq4qpAw4IARUAAIhCGAFwAcABBg==&rs=AOn4CLAe8Yb6DcNAoxtuMT_yUM-REksa_A
[ Highlights WBG vs LNG - GAME 4 ] SOFM CÙNG ĐỒNG ĐỘI ĐÃ CỐ GẮNG RẤT NHIỀU,https://www.youtube.com/watch?v=AA1thmC9ol8,28 N lượt xem,1 năm trước,https://i.ytimg.com/vi/AA1thmC9ol8/hqdefault.jpg?sqp=-oaymwEcCNACELwBSFXyq4qpAw4IARUAAIhCGAFwAcABBg==&rs=AOn4CLB8KiBsK1CfPIPUIxuhcC9ZOdoyFA
[ Highlights WBG vs LNG - GAME 3 ] CẶP BOT DỊ CỦA WBG - ANGEL TOẢ SÁNG VỚI VỊ TƯỚNG AHRI CỦA MÌNH,https://www.youtube.com/watch?v=8sCfZzBgrIQ,22 N lượt xem,1 năm trước,https://i.ytimg.com/vi/8sCfZzBgrIQ/hqdefault.jpg?sqp=-oaymwEcCNACELwBSFXyq4qpAw4IARUAAIhCGAFwAcABBg==&rs=AOn4CLBoCg8yaBVwz1dCZYeOweJ30BDNMA
[ Highlights WBG vs LNG - GAME 2 ] SOFM CỐ LÊN - WBG CỐ LÊN,https://www.youtube.com/watch?v=oBHvQQGSXuA,"7,6 N lượt xem",1 năm trước,https://i.ytimg.com/vi/oBHvQQGSXuA/hqdefault.jpg?sqp=-oaymwEcCNACELwBSFXyq4qpAw4IARUAAIhCGAFwAcABBg==&rs=AOn4CLChRNNOsU1MTMpsf2yo--eeJnqNIQ
[ Highlights WBG vs LNG - GAME 1 ] TAKE MY ENERGY - WEIBO GAMING FIGHTING,https://www.youtube.com/watch?v=Q0Wvj96HE0Y,12 N lượt xem,1 năm trước,https://i.ytimg.com/vi/Q0Wvj96HE0Y/hqdefault.jpg?sqp=-oaymwEcCNACELwBSFXyq4qpAw4IARUAAIhCGAFwAcABBg==&rs=AOn4CLAcAycVKmPqs36SqUAYwDWkGQDdgA
[ Highlights WBG vs LNG - GAME 2 ] SOFM CÙNG ĐỒNG ĐỘI ĐÃ CỐ GẮNG RẤT NHIỀU,https://www.youtube.com/watch?v=4wWIS-_AyX0,26 N lượt xem,2 năm trước,https://i.ytimg.com/vi/4wWIS-_AyX0/hqdefault.jpg?sqp=-oaymwEcCNACELwBSFXyq4qpAw4IARUAAIhCGAFwAcABBg==&rs=AOn4CLAnp9hXFb4L1o_HqNtSKkGXk_dmLA
[ Highlights WBG vs LNG - GAME 1 ] SOFM HỖ TRỢ ĐỒNG ĐỘI CỰC TỐT VỚI VỊ TƯỚNG POPPY CỦA MÌNH,https://www.youtube.com/watch?v=y33PRP24NSM,38 N lượt xem,2 năm trước,https://i.ytimg.com/vi/y33PRP24NSM/hqdefault.jpg?sqp=-oaymwEcCNACELwBSFXyq4qpAw4IARUAAIhCGAFwAcABBg==&rs=AOn4CLCGfcsDR0H_AMBMyAMRi6FwhTGRrw
SOFM CHÚC MỪNG SINH NHẬT LIÊN MINH HUYỀN THOẠI VIỆT NAM - NƠI MỌI THỨ BẮT ĐẦU,https://www.youtube.com/watch?v=EDbk_cZlhFI,12 N lượt xem,2 năm trước,https://i.ytimg.com/vi/EDbk_cZlhFI/hqdefault.jpg?sqp=-oaymwEcCNACELwBSFXyq4qpAw4IARUAAIhCGAFwAcABBg==&rs=AOn4CLCnJb3ElmRE_o9OL0O-6_yRHp1EiQ
[ Highlights WBG vs FPX - GAME 2 ] SOFM CÙNG ĐỒNG ĐỘI DÀNH CHIẾN THẮNG TRƯỚC ĐỘI TUYỂN FPX,https://www.youtube.com/watch?v=jFuZutyJ4Mc,77 N lượt xem,2 năm trước,https://i.ytimg.com/vi/jFuZutyJ4Mc/hqdefault.jpg?sqp=-oaymwEcCNACELwBSFXyq4qpAw4IARUAAIhCGAFwAcABBg==&rs=AOn4CLAgVEUTPodSwusPpzcXuThbFIeJYw
[ Highlights WBG vs FPX - GAME 1 ] BẤT NGỜ VỚI MÀN MỞ COMBAT CỦA ANGEL,https://www.youtube.com/watch?v=_KQE5WC49o8,79 N lượt xem,2 năm trước,https://i.ytimg.com/vi/_KQE5WC49o8/hqdefault.jpg?sqp=-oaymwEcCNACELwBSFXyq4qpAw4IARUAAIhCGAFwAcABBg==&rs=AOn4CLAwDLHZbZFfleRCwQB_kmJCWxqlPQ
[ Highlights WBG vs JDG - GAME 2 ] SOFM QUAY LẠI VỚI VỊ TƯỚNG TỦ VIEGO CỦA MÌNH,https://www.youtube.com/watch?v=9cBuoxNfpfc,36 N lượt xem,2 năm trước,https://i.ytimg.com/vi/9cBuoxNfpfc/hqdefault.jpg?sqp=-oaymwEcCNACELwBSFXyq4qpAw4IARUAAIhCGAFwAcABBg==&rs=AOn4CLCTYEOUM5bIW4ZiaX8mfUu2QdJ2VA
[ Highlights WBG vs JDG - GAME 1 ] SOFM THỬ THÁCH VỚI VỊ TƯỚNG PATHEON CỦA MÌNH,https://www.youtube.com/watch?v=llAELJ2TTe8,40 N lượt xem,2 năm trước,https://i.ytimg.com/vi/llAELJ2TTe8/hqdefault.jpg?sqp=-oaymwEcCNACELwBSFXyq4qpAw4IARUAAIhCGAFwAcABBg==&rs=AOn4CLDV1RTqWuMJurT7zdbexuX2KJn3_g
[ MIC CHECK WBG vs OMG ] THESHY MUỐN THẮNG 2 - 0 VÀ PHẢN ỨNG CỦA SOFM ?,https://www.youtube.com/watch?v=5WinBthiF0I,63 N lượt xem,2 năm trước,https://i.ytimg.com/vi/5WinBthiF0I/hqdefault.jpg?sqp=-oaymwEcCNACELwBSFXyq4qpAw4IARUAAIhCGAFwAcABBg==&rs=AOn4CLCXc7YuSfu6TIkjlcapMvOPj5-NmQ
[ Highlights WBG vs LGD - GAME 2 ] HUANFENG CHỨNG MINH ĐƯỢC VỊ TƯỚNG 200 NĂM THUỘC VỀ ZERI,https://www.youtube.com/watch?v=o1pzS2iryuI,61 N lượt xem,2 năm trước,https://i.ytimg.com/vi/o1pzS2iryuI/hqdefault.jpg?sqp=-oaymwEcCNACELwBSFXyq4qpAw4IARUAAIhCGAFwAcABBg==&rs=AOn4CLBXA9dhHezqTjpHu41PvqlIO-AKgg
[ Highlights WBG vs LGD - GAME 1 ] THESHY MỞ COMBAT QUÁ TỐT VỚI VỊ TƯỚNG KENNEN CỦA MÌNH,https://www.youtube.com/watch?v=96VcVULbdgY,46 N lượt xem,2 năm trước,https://i.ytimg.com/vi/96VcVULbdgY/hqdefault.jpg?sqp=-oaymwEcCNACELwBSFXyq4qpAw4IARUAAIhCGAFwAcABBg==&rs=AOn4CLBC6_yj-lD-aUegMQ8-TgLtWlX4pg
[ Highlights WBG vs OMG - GAME 2 ] SOFM TIẾP TỤC GÂY KHÓ CHỊU VỚI NHỮNG PHA GANK CỦA MÌNH - WBG WIN,https://www.youtube.com/watch?v=dUqx8FS7tTc,62 N lượt xem,2 năm trước,https://i.ytimg.com/vi/dUqx8FS7tTc/hqdefault.jpg?sqp=-oaymwEcCNACELwBSFXyq4qpAw4IARUAAIhCGAFwAcABBg==&rs=AOn4CLD6dfXR2BaZGAGGkKnoAAW3MNADbQ
[ Highlights WBG vs OMG - GAME 1 ] SOFM KIỂM SOÁT CỰC TỐT VỚI VỊ TƯỚNG POPPY,https://www.youtube.com/watch?v=S4FiQpHOAZQ,49 N lượt xem,2 năm trước,https://i.ytimg.com/vi/S4FiQpHOAZQ/hqdefault.jpg?sqp=-oaymwEcCNACELwBSFXyq4qpAw4IARUAAIhCGAFwAcABBg==&rs=AOn4CLCbutRc6jHP58V9l9qi-uYPRhNsmg
[ Highlights WBG vs TT - GAME 3 ] CỌC THỦ SOFM QUÁ KHÓ CHỊU - COMBAT MÃN NHÃN ĐẾN TỪ WBG,https://www.youtube.com/watch?v=Xwr9kp3mWBQ,52 N lượt xem,2 năm trước,https://i.ytimg.com/vi/Xwr9kp3mWBQ/hqdefault.jpg?sqp=-oaymwEcCNACELwBSFXyq4qpAw4IARUAAIhCGAFwAcABBg==&rs=AOn4CLD3-OlTDopsd0oeJQuXswfDLq0rzw
[ Highlights WBG vs TT - GAME 1 ] SOFM CÙNG NHỮNG NGƯỜI ANH EM CÓ ĐƯỢC ĐỘI HÌNH THUẬN TAY,https://www.youtube.com/watch?v=cHsKlVz0bZU,26 N lượt xem,2 năm trước,https://i.ytimg.com/vi/cHsKlVz0bZU/hqdefault.jpg?sqp=-oaymwEcCNACELwBSFXyq4qpAw4IARUAAIhCGAFwAcABBg==&rs=AOn4CLBpegRQXxBHPVBnz1ic_qxNfzKqTw
SOFM ĐỤNG ĐỘ FAKER TẠI CON ĐƯỜNG CHINH CHIẾN TOP ĐẦU RANK HÀN - KAYN QUẢ DÉO TRONG TAY SOFM | SOFM,https://www.youtube.com/watch?v=fmLbUlI1ReA,39 N lượt xem,2 năm trước,https://i.ytimg.com/vi/fmLbUlI1ReA/hqdefault.jpg?sqp=-oaymwEcCNACELwBSFXyq4qpAw4IARUAAIhCGAFwAcABBg==&rs=AOn4CLBSBcS3aPYrhLk5YsZrouZoVTap7g
[ Highlights WBG vs V5 - GAME 3 ] SOFM GÂY KHÓ CHỊU VỚI POPPY ĐI RỪNG - THESHY OUTPLAY KHÔNG TƯỞNG,https://www.youtube.com/watch?v=P8iRUG6QdJk,65 N lượt xem,2 năm trước,https://i.ytimg.com/vi/P8iRUG6QdJk/hqdefault.jpg?sqp=-oaymwEcCNACELwBSFXyq4qpAw4IARUAAIhCGAFwAcABBg==&rs=AOn4CLARxAfzUljg9k2gJD9hDLcWWT2aCQ
[ Highlights WBG vs V5 - GAME 2 ] SOFM VỚI ĐỒNG ĐỘI CỦA MÌNH CÙNG CỐ GẮNG - WBG FIGHTING,https://www.youtube.com/watch?v=4mw_kOQoK0M,16 N lượt xem,2 năm trước,https://i.ytimg.com/vi/4mw_kOQoK0M/hqdefault.jpg?sqp=-oaymwEcCNACELwBSFXyq4qpAw4IARUAAIhCGAFwAcABBg==&rs=AOn4CLABXfjlcJsMHslKAvJWiBlmuH2zXQ
[ Highlights WBG vs V5 - GAME 1 ] HUANFENG XUẤT THẦN CƯỚP BARON TRƯỚC SỰ NGỠ NGÀNG CỦA V5,https://www.youtube.com/watch?v=fB11yagjjcM,42 N lượt xem,2 năm trước,https://i.ytimg.com/vi/fB11yagjjcM/hqdefault.jpg?sqp=-oaymwEcCNACELwBSFXyq4qpAw4IARUAAIhCGAFwAcABBg==&rs=AOn4CLCVcwt82LMMmeNDU8SyvzYEISf9ew
[ Highlights WBG vs BLG - GAME 3 ] MÀN LỘI NGƯỢC DÒNG NGHẸT THỞ CỦA SOFM VÀ ĐỒNG ĐỘI - WBG FIGHTING,https://www.youtube.com/watch?v=VfK0x9uBed8,55 N lượt xem,2 năm trước,https://i.ytimg.com/vi/VfK0x9uBed8/hqdefault.jpg?sqp=-oaymwEcCNACELwBSFXyq4qpAw4IARUAAIhCGAFwAcABBg==&rs=AOn4CLDGCxunny-_Opuk_9aSVLkuZlv7qA
[ Highlights WBG vs BLG - GAME 2 ] SOFM VÀ ĐỒNG ĐỘI TRỞ LẠI VỚI ĐỘI HÌNH QUEN THUỘC - WBG CỐ LÊN,https://www.youtube.com/watch?v=rpZC5BznXrc,27 N lượt xem,2 năm trước,https://i.ytimg.com/vi/rpZC5BznXrc/hqdefault.jpg?sqp=-oaymwEcCNACELwBSFXyq4qpAw4IARUAAIhCGAFwAcABBg==&rs=AOn4CLD38kZnBwgjZbAaohbfIOnGkUS4dA
[ Highlights WBG vs BLG - GAME 1 ] WBG FIGHTING,https://www.youtube.com/watch?v=5IIH_g8dLKE,20 N lượt xem,2 năm trước,https://i.ytimg.com/vi/5IIH_g8dLKE/hqdefault.jpg?sqp=-oaymwEcCNACELwBSFXyq4qpAw4IARUAAIhCGAFwAcABBg==&rs=AOn4CLAZSa3jIS18E7WLALfgWajr-xRORA
[ Highlights WBG vs AL - GAME 2 ] ĐỘI HÌNH DỊ XUẤT HIỆN VỚI AZIR VỊ TRÍ ĐƯỜNG TRÊN,https://www.youtube.com/watch?v=pHu56TUyJV4,13 N lượt xem,2 năm trước,https://i.ytimg.com/vi/pHu56TUyJV4/hqdefault.jpg?sqp=-oaymwEcCNACELwBSFXyq4qpAw4IARUAAIhCGAFwAcABBg==&rs=AOn4CLCHjB6spEEvYCZz7MX-FUDt4Nnd6Q
[ Highlights WBG vs AL - GAME 1 ] WEIBO GAMING VỚI LỐI ĐÁNH KỶ LUẬT - ĐỘI HÌNH GIAO TRANH ÁP ĐẢO,https://www.youtube.com/watch?v=-jiiA6N6wuU,19 N lượt xem,2 năm trước,https://i.ytimg.com/vi/-jiiA6N6wuU/hqdefault.jpg?sqp=-oaymwEcCNACELwBSFXyq4qpAw4IARUAAIhCGAFwAcABBg==&rs=AOn4CLBDBorER4uHhXkcHfsTon2kVykBRg
SOFM WUKONG ĐÃ GIEO RẮC NỐI KHIẾP SỢ TẠI RANK THÁCH ĐẤU HÀN NHƯ THẾ NÀO ? - SOFM TRYHARD MODE | SOFM,https://www.youtube.com/watch?v=gmVnawpsSeQ,11 N lượt xem,2 năm trước,https://i.ytimg.com/vi/gmVnawpsSeQ/hqdefault.jpg?sqp=-oaymwEcCNACELwBSFXyq4qpAw4IARUAAIhCGAFwAcABBg==&rs=AOn4CLD6ThEdyBAXkuiikuIMUi1NbnSvHA
[ Highlights WBG vs UP - GAME 2 ] SOFM TIẾP TỤC ĐƯỢC SỬ DỤNG LEESIN - HUANFENG KALISTA QUADRAKILL,https://www.youtube.com/watch?v=lKrAzdlhg8s,43 N lượt xem,2 năm trước,https://i.ytimg.com/vi/lKrAzdlhg8s/hqdefault.jpg?sqp=-oaymwEcCNACELwBSFXyq4qpAw4IARUAAIhCGAFwAcABBg==&rs=AOn4CLA3Gv7RkP3SqqvL8gjQ4k7wdFBzJg
[ Highlights WBG vs UP - GAME 1 ] SOFM ĐẢO GANK HIỆU QUẢ VỚI WUKONG - ĐỘI HÌNH HAI CARRY HẠNG NẶNG,https://www.youtube.com/watch?v=WBaiTsPQbRA,39 N lượt xem,2 năm trước,https://i.ytimg.com/vi/WBaiTsPQbRA/hqdefault.jpg?sqp=-oaymwEcCNACELwBSFXyq4qpAw4IARUAAIhCGAFwAcABBg==&rs=AOn4CLD9Czmsh02Z10ti9pbytq0q0eue_w
[ Highlights WBG vs RA - GAME 3 ] WBG LẬT KÈO KHÔNG TƯỞNG - MÀN TRỞ LẠI CỦA SWORDART,https://www.youtube.com/watch?v=VfqP79lXW1g,52 N lượt xem,2 năm trước,https://i.ytimg.com/vi/VfqP79lXW1g/hqdefault.jpg?sqp=-oaymwEcCNACELwBSFXyq4qpAw4IARUAAIhCGAFwAcABBg==&rs=AOn4CLCydXYtw1Dkieb8I5CfRu0CFHzfWQ
[ Highlights WBG vs RA - GAME 2 ] QUYẾT ĐỊNH ĂN BARON ĐẦY QUYẾT ĐOÁN CỦA SOFM VÀ ĐỒNG ĐỘI,https://www.youtube.com/watch?v=STGNNpIthVI,26 N lượt xem,2 năm trước,https://i.ytimg.com/vi/STGNNpIthVI/hqdefault.jpg?sqp=-oaymwEcCNACELwBSFXyq4qpAw4IARUAAIhCGAFwAcABBg==&rs=AOn4CLD8qqX9YqvBGj2c0H-EYNHfYQl26g
[ Highlights WBG vs RA - GAME 1 ] SOFM CÙNG ĐỒNG ĐỘI CỐ LÊN - WBG FIGHTING,https://www.youtube.com/watch?v=n2-bkxj3GfY,15 N lượt xem,2 năm trước,https://i.ytimg.com/vi/n2-bkxj3GfY/hqdefault.jpg?sqp=-oaymwEcCNACELwBSFXyq4qpAw4IARUAAIhCGAFwAcABBg==&rs=AOn4CLAyUHj4KqK0r_MzzPJjv6D0rkfQbw
[ Highlights WBG vs RNG - GAME 3 ] SOFM LẦN ĐẦU ĐÁNH LEESIN Ở GIẢI MÙA HÈ - WBG FIGHTING,https://www.youtube.com/watch?v=jo0zp0ddFYQ,33 N lượt xem,2 năm trước,https://i.ytimg.com/vi/jo0zp0ddFYQ/hqdefault.jpg?sqp=-oaymwEcCNACELwBSFXyq4qpAw4IARUAAIhCGAFwAcABBg==&rs=AOn4CLDfoR0ZCt_TEdha-MXG9Cetv0fYVA
[ Highlights WBG vs RNG - GAME 2 ] SOFM TỎA SÁNG VỚI VIEGO KHÔNG THỂ NGĂN CẢN - HUANFENG LÊN TIẾNG,https://www.youtube.com/watch?v=2HXYL1ZMmc4,22 N lượt xem,2 năm trước,https://i.ytimg.com/vi/2HXYL1ZMmc4/hqdefault.jpg?sqp=-oaymwEcCNACELwBSFXyq4qpAw4IARUAAIhCGAFwAcABBg==&rs=AOn4CLDZA_X--JzOhjl7Fqek04CiNn9y5w
[ Highlights WBG vs RNG - GAME 1 ] SOFM QUADRAKILL VỚI VEIGO - THESHY ĐỐI ĐẦU BREATHE,https://www.youtube.com/watch?v=XMNmUjjZDBE,18 N lượt xem,2 năm trước,https://i.ytimg.com/vi/XMNmUjjZDBE/hqdefault.jpg?sqp=-oaymwEcCNACELwBSFXyq4qpAw4IARUAAIhCGAFwAcABBg==&rs=AOn4CLB2_SfDq5NRZnPDzITfcMONK5fe2g
[ Highlights WBG vs WE - GAME 3 ] SOFM XÂM LĂNG CƯỚP RỪNG QUÁ KHÓ CHỊU - ANGEL LÊN TIẾNG VỚI AZIR,https://www.youtube.com/watch?v=CMsDxDXxy2M,42 N lượt xem,2 năm trước,https://i.ytimg.com/vi/CMsDxDXxy2M/hqdefault.jpg?sqp=-oaymwEcCNACELwBSFXyq4qpAw4IARUAAIhCGAFwAcABBg==&rs=AOn4CLC1DnuPSi_2HkHBHTT9KVlwgeYJxw
[ Highlights WBG vs WE - GAME 2 ] SỨC MẠNH CỦA TƯỚNG SUPPORT MỚI RENATA GLASC - THAY ĐỔI CỤC DIỆN,https://www.youtube.com/watch?v=PMpIuCEx5P4,"9,1 N lượt xem",2 năm trước,https://i.ytimg.com/vi/PMpIuCEx5P4/hqdefault.jpg?sqp=-oaymwEcCNACELwBSFXyq4qpAw4IARUAAIhCGAFwAcABBg==&rs=AOn4CLDkTUQyMiHAJUhUSbF5UQT1UGWa1w
[ Highlights WBG vs WE - GAME 1 ] SOFM CÒ CƯA CỰC KỲ KHÓ CHỊU - THESHY TRỞ LẠI VỚI TƯỚNG TỦ,https://www.youtube.com/watch?v=Ch8bNdd6djg,25 N lượt xem,2 năm trước,https://i.ytimg.com/vi/Ch8bNdd6djg/hqdefault.jpg?sqp=-oaymwEcCNACELwBSFXyq4qpAw4IARUAAIhCGAFwAcABBg==&rs=AOn4CLA9YnheewQHp6XqU-D_MoH4aJMi_A
[ Highlights WBG vs EDG - GAME 2 ] LIÊN TIẾP NHỮNG CON BÀI DỊ TỚI TỪ WEIBO GAMING - CỐ LÊN,https://www.youtube.com/watch?v=U8gbZh2t-t4,21 N lượt xem,2 năm trước,https://i.ytimg.com/vi/U8gbZh2t-t4/hqdefault.jpg?sqp=-oaymwEcCNACELwBSFXyq4qpAw4IARUAAIhCGAFwAcABBg==&rs=AOn4CLB1hqSWs9njYaUNDI4MNIT3KPd36g
[ Highlights WBG vs EDG - GAME 1 ] WEIBO GAMING VỚI ĐỘI HÌNH SIÊU LẠ VỚI KAYLE VÀ DRAVEN,https://www.youtube.com/watch?v=9Tb6vMxrBlI,23 N lượt xem,2 năm trước,https://i.ytimg.com/vi/9Tb6vMxrBlI/hqdefault.jpg?sqp=-oaymwEcCNACELwBSFXyq4qpAw4IARUAAIhCGAFwAcABBg==&rs=AOn4CLB7-f-L09lbxpR2GUj2vM50J6qPBQ
[ Highlights WBG vs IG - GAME  ] THESHY LÊN TIẾNG VỚI KAYLE AD - PHỐI HỢP MÃN NHÃN CỦA WEIBO GAMING,https://www.youtube.com/watch?v=fDNE7CDKNp8,41 N lượt xem,2 năm trước,https://i.ytimg.com/vi/fDNE7CDKNp8/hqdefault.jpg?sqp=-oaymwEcCNACELwBSFXyq4qpAw4IARUAAIhCGAFwAcABBg==&rs=AOn4CLDGVGCho2NcYjlNNHTWOv0CJYIfuQ
[ Highlights WBG vs IG - GAME 2 ] WBG SỬ DỤNG ĐỘI HÌNH CỰC DỊ VỚI KAYLE VÀ SERAPHINE,https://www.youtube.com/watch?v=jutiCZ27_EY,10 N lượt xem,2 năm trước,https://i.ytimg.com/vi/jutiCZ27_EY/hqdefault.jpg?sqp=-oaymwEcCNACELwBSFXyq4qpAw4IARUAAIhCGAFwAcABBg==&rs=AOn4CLDto1ELDuPL1B6KTOdXovy3KMSzGw
[ Highlights WBG vs IG - GAME 1 ] SOFM VIEGO MỞ COMBAT QUÁ BẤT NGỜ - AHRI CỰC ẢO TRONG TAY ANGEL,https://www.youtube.com/watch?v=reAyUiasH1I,25 N lượt xem,2 năm trước,https://i.ytimg.com/vi/reAyUiasH1I/hqdefault.jpg?sqp=-oaymwEcCNACELwBSFXyq4qpAw4IARUAAIhCGAFwAcABBg==&rs=AOn4CLAPBZVjF5WXyJwfUAlDlDl5J4TjMA
SOFM GRAVES TỐC HÀNH THẬT SỰ QUÁ KHÁC BIỆT - CÁN MỐC TOP 2 RANK HÀN VỚI SỐ ĐIỂM KHÔNG TƯỞNG | SOFM,https://www.youtube.com/watch?v=2efDf9uEFag,64 N lượt xem,2 năm trước,
CÁCH MÀ SOFM LEO LÊN TOP 5 RANK THÁCH ĐẤU HÀN VỚI GRAVES ? - SOFM GRAVES DANH BẤT HƯ TRUYỀN | SOFM,https://www.youtube.com/watch?v=gMIkl6KJ8xU,13 N lượt xem,2 năm trước,
"SOFM ĐỐI ĐẦU NUGURI -  ""VÓ NGỰA HỦY DIỆT"" RANK HÀN | SOFM STREAM",https://www.youtube.com/watch?v=Zs32h2CuUAg,11 N lượt xem,2 năm trước,
KHÔNG KHÍ LUYỆN TẬP BÊN TRONG GAMING HOUSE CỦA WEIBO GAMING - CƠ HỘI CHO SOFM TRỔ TÀI ? | VIETSUB,https://www.youtube.com/watch?v=BVMxtIF0vZM,52 N lượt xem,2 năm trước,
SOFM ĐÃ LEO LÊN TOP 7 THÁCH ĐẤU HÀN NHƯ THẾ NÀO ? - VIEGO TRONG TAY SOFM THẬT SỰ ĐÁNG SỢ | SOFM,https://www.youtube.com/watch?v=PYs3JZ7VYvs,14 N lượt xem,2 năm trước,https://i.ytimg.com/vi/PYs3JZ7VYvs/hqdefault.jpg?sqp=-oaymwEcCNACELwBSFXyq4qpAw4IARUAAIhCGAFwAcABBg==&rs=AOn4CLCFhgMzeGSn1QiXW1UDKHQW0aPHyw
VỊ TƯỚNG MÀ SOFM  THƯỜNG XUYÊN SỬ DỤNG ĐỂ LEO TOP THÁCH ĐẤU HÀN ? - SOFM VIEGO 200% POWER | SOFM,https://www.youtube.com/watch?v=yOOqRzIt2bY,"8,4 N lượt xem",2 năm trước,https://i.ytimg.com/vi/yOOqRzIt2bY/hqdefault.jpg?sqp=-oaymwEcCNACELwBSFXyq4qpAw4IARUAAIhCGAFwAcABBg==&rs=AOn4CLAT1URJqhIKi9TrIJIdIuK89lrpwQ
CÁCH MÀ SOFM LEO RANK THẦN TỐC VỚI VEIGO ĐI RỪNG ? - VIEGO FULL SÁT THƯƠNG - SOFM STREAM,https://www.youtube.com/watch?v=03i15Sch_VI,25 N lượt xem,2 năm trước,https://i.ytimg.com/vi/03i15Sch_VI/hqdefault.jpg?sqp=-oaymwEcCNACELwBSFXyq4qpAw4IARUAAIhCGAFwAcABBg==&rs=AOn4CLAzCV2AI8bWTqXXKuPYq4Ou2j_IQw
SOFM BẤT NGỜ ĐỤNG ĐỘ CHỦ TỊCH FAKER - GRAVES TRONG TAY SOFM VẪN CỨ LÀ UY TÍN   | SOFM STREAM,https://www.youtube.com/watch?v=LRXZVk0YvtY,33 N lượt xem,2 năm trước,https://i.ytimg.com/vi/LRXZVk0YvtY/hqdefault.jpg?sqp=-oaymwEcCNACELwBSFXyq4qpAw4IARUAAIhCGAFwAcABBg==&rs=AOn4CLC7Pup_a7WQ9Y_tXeSlU8Xj8wYrBw
"SOFM GRAVES ""DANH BẤT HƯ TRUYỀN"" - LỐI LÊN ĐỒ SÁT THƯƠNG KINH DỊ | SOFM STREAM",https://www.youtube.com/watch?v=C4X3tT9wmFc,14 N lượt xem,2 năm trước,https://i.ytimg.com/vi/C4X3tT9wmFc/hqdefault.jpg?sqp=-oaymwEcCNACELwBSFXyq4qpAw4IARUAAIhCGAFwAcABBg==&rs=AOn4CLDY35iX4RMr6W-tbo8VwmJILdd6Dw
SOFM LEESIN SMURF TẠI RANK THÁCH ĐẤU HÀN - HÀNH TRÌNH LEO RANK THẦN TỐC CỦA SOFM | SOFM STREAM,https://www.youtube.com/watch?v=nQK-GmPZ0IQ,31 N lượt xem,2 năm trước,https://i.ytimg.com/vi/nQK-GmPZ0IQ/hqdefault.jpg?sqp=-oaymwEcCNACELwBSFXyq4qpAw4IARUAAIhCGAFwAcABBg==&rs=AOn4CLDz36YMYjWEGg1mDfAGrU3F3ba5cw
CÁCH MÀ SOFM GANK CẢ BẢN ĐỒ VỚI NOCTURNE ? - LEO RANK HÀN THẦN TỐC | SOFM STREAM,https://www.youtube.com/watch?v=15HVYkhgEzk,13 N lượt xem,2 năm trước,https://i.ytimg.com/vi/15HVYkhgEzk/hqdefault.jpg?sqp=-oaymwEcCNACELwBSFXyq4qpAw4IARUAAIhCGAFwAcABBg==&rs=AOn4CLBsB5rM_n8w18k3hvywjGub3a1t2w
SOFM NOCTURNE CHẠM TRÁN CANYON - SOFM LEO RANK THÁCH ĐẤU THẦN TỐC | SOFM,https://www.youtube.com/watch?v=EDCgrj-eOKM,12 N lượt xem,2 năm trước,https://i.ytimg.com/vi/EDCgrj-eOKM/hqdefault.jpg?sqp=-oaymwEcCNACELwBSFXyq4qpAw4IARUAAIhCGAFwAcABBg==&rs=AOn4CLBs_1X50hj7c3HwWqmILbilgnCWwg
[ Highlights WBG vs JDG - PLAYOFF - GAME 5 ] GGWP,https://www.youtube.com/watch?v=SY24ihAmupY,37 N lượt xem,2 năm trước,https://i.ytimg.com/vi/SY24ihAmupY/hqdefault.jpg?sqp=-oaymwEcCNACELwBSFXyq4qpAw4IARUAAIhCGAFwAcABBg==&rs=AOn4CLCZH3EbCkDGPNQagkzrVB-xYTOY0Q
[ Highlights WBG vs JDG - PLAYOFF - GAME 4 ] SOFM HECARIM CÓ MẶT TRÊN TOÀN BỘ ĐIỂM NÓNG - CỐ LÊN NÀO,https://www.youtube.com/watch?v=jkIdTb8-uYA,17 N lượt xem,2 năm trước,https://i.ytimg.com/vi/jkIdTb8-uYA/hqdefault.jpg?sqp=-oaymwEcCNACELwBSFXyq4qpAw4IARUAAIhCGAFwAcABBg==&rs=AOn4CLAYMmbjrtsEjHcoydkRaKJgZNv4FQ
[ Highlights WBG vs JDG - PLAYOFF - GAME 3 ] ZED ĐI RỪNG TIẾP TỤC XUẤT HIỆN TRONG TAY SOFM - CỐ LÊN,https://www.youtube.com/watch?v=hS3qrIQmFbs,10 N lượt xem,2 năm trước,
[ Highlights WBG vs JDG - PLAYOFF - GAME 2 ] CỌC THỦ ĐẾN TỪ CẦU GIẤY SOFM QUÁ KHÓ CHỊU - FIGHTING,https://www.youtube.com/watch?v=MymJLufjiU4,17 N lượt xem,2 năm trước,
[ Highlights WBG vs JDG - PLAYOFF - GAME 1 ] NOCTURNE XUẤT HIỆN TRONG TAY SOFM - WEIBO GAMING CỐ LÊN,https://www.youtube.com/watch?v=SX6TEDqH500,19 N lượt xem,2 năm trước,
SOFM VÀ ĐỒNG ĐỘI NÓI GÌ SAU CHẾN THẮNG THUYẾT PHỤC TRƯỚC EDG TẠI PLAYOFF ? | PHỎNG VẤN WBG,https://www.youtube.com/watch?v=9vSSkoWy0H8,42 N lượt xem,2 năm trước,
[ Highlights WBG vs EDG - PLAYOFF - GAME 4 ] SOFM ZED PK QUÁ ẢO DIỆU - GRAGAS CHẤT LƯỢNG CỦA THESHY,https://www.youtube.com/watch?v=O70Il0ea1mA,80 N lượt xem,2 năm trước,
[ Highlights WBG vs EDG - PLAYOFF - GAME 3 ] SỰ PHỐI HỢP GIỮA SOFM TRUNDLE VÀ THESHY TRYNDAMERE,https://www.youtube.com/watch?v=U_VbCH5AUp8,26 N lượt xem,2 năm trước,
[ Highlights WBG vs EDG - PLAYOFF - GAME 2 ] SOFM LEESIN CỰC KỲ TÍN - THESHY JAYCE GÂY DAME KHỔNG LỒ,https://www.youtube.com/watch?v=iICuplcs8T0,60 N lượt xem,2 năm trước,
[ Highlights WBG vs EDG - PLAYOFF - GAME 1 ] SOFM LEESIN GANK CỰC KÌ TRIỆT ĐỂ - THESHY TỎA SÁNG,https://www.youtube.com/watch?v=n0apBu0ZFJA,75 N lượt xem,2 năm trước,
[ Highlights WBG vs JDG - FULL ] TIẾP TỤC CỐ GẮNG CHO PLAYOFF - FIGHTING SOFM - FIGHTING WBG,https://www.youtube.com/watch?v=ikFfVpqRVtU,49 N lượt xem,2 năm trước,
[ Highlights WBG vs IG - GAME 2 ] CHIẾN THẮNG ÁP ĐẢO TRƯỚC ĐỐI THỦ CỦA SOFM VÀ ĐỒNG ĐỘI - FIGHTING,https://www.youtube.com/watch?v=FV8ET4rEkCw,67 N lượt xem,2 năm trước,
[ Highlights WBG vs IG - GAME 1 ] NHỮNG BƯỚC CHẠY ĐÀ CUỐI CÙNG CỦA WBG - HUANFENG TỎA SÁNG ĐÚNG LÚC,https://www.youtube.com/watch?v=3qQpZDZxnvo,59 N lượt xem,2 năm trước,
""" TÔI KHÔNG MUỐN THUA "" - SỰ KINH NGHIỆM CỦA SWORDART TRONG VAI TRÒ CALL TEAM | MIC CHECK WBG VS LGD",https://www.youtube.com/watch?v=mvnJAFE_ggw,23 N lượt xem,2 năm trước,
"SOFM SHACO SIÊU DỊ, SIÊU KHÓ CHỊU - LIỆU SOFM CÓ MANG SHACO VÀO PLAYOFF ? | SOFM STREAM",https://www.youtube.com/watch?v=wVvQPSxhyKM,21 N lượt xem,2 năm trước,
[ Highlights WBG vs RA - GAME 2 ] WEIBO GAMING CỐ LÊNNNNN,https://www.youtube.com/watch?v=mHG79JR1uVY,33 N lượt xem,2 năm trước,
[ Highlights WBG vs RA - GAME 1 ] VÒNG XOÁY KHÔNG GIAN CHÍ MẠNG THAY ĐỔI CỤC DIỆN TRẬN ĐẤU,https://www.youtube.com/watch?v=_a6RbXAbwxM,29 N lượt xem,2 năm trước,
[ Highlights WBG vs TES - GAME 2 ] TỪNG BƯỚC CẢI THIỆN CHO TRẬN PLAYOFF - WBG FIGHTING,https://www.youtube.com/watch?v=FSJ9SKoE6bE,39 N lượt xem,2 năm trước,
[ Highlights WBG vs TES - GAME 1 ] BỘ ĐÔI CAITLYN VÀ LUX LẦN ĐẦU XUẤT HIỆN TRONG TAY HUANFENG VÀ ON,https://www.youtube.com/watch?v=KYob8baz98s,42 N lượt xem,2 năm trước,
""" ĐÃ ĐẾN LÚC LẬT LÁ BÀI CUỐI CÙNG RỒI "" - CẢM XÚC CỦA HUANFENG KHI BỊ SOFM KS | MIC CHECK WBG VS OMG",https://www.youtube.com/watch?v=LMBFch7MnaI,45 N lượt xem,2 năm trước,
